,Unnamed: 0,x1,x2,y
0,0,-1.0,-1.0,-0.4161468365471424
1,1,-0.9310344827586208,-1.0,-0.3524971126927809
2,2,-0.8620689655172413,-1.0,-0.2871714914716647
3,3,-0.7931034482758621,-1.0,-0.2204805542549423
4,4,-0.7241379310344828,-1.0,-0.1527413736143975
5,5,-0.6551724137931034,-1.0,-0.0842760058460225
6,6,-0.5862068965517242,-1.0,-0.0154099597991815
7,7,-0.5172413793103449,-1.0,0.0535293507088972
8,8,-0.4482758620689655,-1.0,0.1222141635355286
9,9,-0.3793103448275862,-1.0,0.1903179265110429
10,10,-0.3103448275862068,-1.0,0.2575168499846121
11,11,-0.2413793103448276,-1.0,0.3234914462360731
12,12,-0.1724137931034483,-1.0,0.3879280484348359
13,13,-0.1034482758620689,-1.0,0.4505203019241985
14,14,-0.0344827586206897,-1.0,0.5109706207409712
15,15,0.0344827586206897,-1.0,0.5689916024455981
16,16,0.1034482758620689,-1.0,0.6243073945361602
17,17,0.1724137931034481,-1.0,0.6766550059498478
18,18,0.2413793103448276,-1.0,0.7257855574165476
19,19,0.3103448275862068,-1.0,0.7714654647199196
20,20,0.3793103448275863,-1.0,0.8134775492403197
21,21,0.4482758620689655,-1.0,0.8516220704996432
22,22,0.5172413793103448,-1.0,0.8857176757990093
23,23,0.5862068965517242,-1.0,0.9156022624343628
24,24,0.6551724137931034,-1.0,0.9411337483907162
25,25,0.7241379310344827,-1.0,0.9621907478508728
26,26,0.7931034482758621,-1.0,0.9786731483070236
27,27,0.8620689655172413,-1.0,0.9905025865314216
28,28,0.9310344827586206,-1.0,0.9976228211431968
29,29,1.0,-1.0,1.0
30,30,-1.0,-0.9310344827586208,-0.3524971126927809
31,31,-0.9310344827586208,-0.9310344827586208,-0.2871714914716647
32,32,-0.8620689655172413,-0.9310344827586208,-0.2204805542549423
33,33,-0.7931034482758621,-0.9310344827586208,-0.1527413736143975
34,34,-0.7241379310344828,-0.9310344827586208,-0.0842760058460225
35,35,-0.6551724137931034,-0.9310344827586208,-0.0154099597991815
36,36,-0.5862068965517242,-0.9310344827586208,0.0535293507088972
37,37,-0.5172413793103449,-0.9310344827586208,0.1222141635355286
38,38,-0.4482758620689655,-0.9310344827586208,0.1903179265110429
39,39,-0.3793103448275862,-0.9310344827586208,0.2575168499846121
40,40,-0.3103448275862068,-0.9310344827586208,0.3234914462360733
41,41,-0.2413793103448276,-0.9310344827586208,0.3879280484348359
42,42,-0.1724137931034483,-0.9310344827586208,0.4505203019241985
43,43,-0.1034482758620689,-0.9310344827586208,0.5109706207409714
44,44,-0.0344827586206897,-0.9310344827586208,0.568991602445598
45,45,0.0344827586206897,-0.9310344827586208,0.6243073945361604
46,46,0.1034482758620689,-0.9310344827586208,0.676655005949848
47,47,0.1724137931034481,-0.9310344827586208,0.7257855574165475
48,48,0.2413793103448276,-0.9310344827586208,0.7714654647199197
49,49,0.3103448275862068,-0.9310344827586208,0.8134775492403196
50,50,0.3793103448275863,-0.9310344827586208,0.8516220704996432
51,51,0.4482758620689655,-0.9310344827586208,0.8857176757990094
52,52,0.5172413793103448,-0.9310344827586208,0.9156022624343628
53,53,0.5862068965517242,-0.9310344827586208,0.9411337483907162
54,54,0.6551724137931034,-0.9310344827586208,0.9621907478508728
55,55,0.7241379310344827,-0.9310344827586208,0.9786731483070236
56,56,0.7931034482758621,-0.9310344827586208,0.9905025865314216
57,57,0.8620689655172413,-0.9310344827586208,0.9976228211431968
58,58,0.9310344827586206,-0.9310344827586208,1.0
59,59,1.0,-0.9310344827586208,0.9976228211431968
60,60,-1.0,-0.8620689655172413,-0.2871714914716647
61,61,-0.9310344827586208,-0.8620689655172413,-0.2204805542549423
62,62,-0.8620689655172413,-0.8620689655172413,-0.1527413736143975
63,63,-0.7931034482758621,-0.8620689655172413,-0.0842760058460225
64,64,-0.7241379310344828,-0.8620689655172413,-0.0154099597991815
65,65,-0.6551724137931034,-0.8620689655172413,0.0535293507088972
66,66,-0.5862068965517242,-0.8620689655172413,0.1222141635355286
67,67,-0.5172413793103449,-0.8620689655172413,0.1903179265110429
68,68,-0.4482758620689655,-0.8620689655172413,0.2575168499846121
69,69,-0.3793103448275862,-0.8620689655172413,0.3234914462360733
70,70,-0.3103448275862068,-0.8620689655172413,0.3879280484348361
71,71,-0.2413793103448276,-0.8620689655172413,0.4505203019241985
72,72,-0.1724137931034483,-0.8620689655172413,0.5109706207409714
73,73,-0.1034482758620689,-0.8620689655172413,0.5689916024455981
74,74,-0.0344827586206897,-0.8620689655172413,0.6243073945361602
75,75,0.0344827586206897,-0.8620689655172413,0.676655005949848
76,76,0.1034482758620689,-0.8620689655172413,0.7257855574165476
77,77,0.1724137931034481,-0.8620689655172413,0.7714654647199196
78,78,0.2413793103448276,-0.8620689655172413,0.8134775492403197
79,79,0.3103448275862068,-0.8620689655172413,0.8516220704996432
80,80,0.3793103448275863,-0.8620689655172413,0.8857176757990094
81,81,0.4482758620689655,-0.8620689655172413,0.9156022624343628
82,82,0.5172413793103448,-0.8620689655172413,0.9411337483907162
83,83,0.5862068965517242,-0.8620689655172413,0.9621907478508728
84,84,0.6551724137931034,-0.8620689655172413,0.9786731483070236
85,85,0.7241379310344827,-0.8620689655172413,0.9905025865314216
86,86,0.7931034482758621,-0.8620689655172413,0.9976228211431968
87,87,0.8620689655172413,-0.8620689655172413,1.0
88,88,0.9310344827586206,-0.8620689655172413,0.9976228211431968
89,89,1.0,-0.8620689655172413,0.9905025865314216
90,90,-1.0,-0.7931034482758621,-0.2204805542549423
91,91,-0.9310344827586208,-0.7931034482758621,-0.1527413736143975
92,92,-0.8620689655172413,-0.7931034482758621,-0.0842760058460225
93,93,-0.7931034482758621,-0.7931034482758621,-0.0154099597991815
94,94,-0.7241379310344828,-0.7931034482758621,0.0535293507088972
95,95,-0.6551724137931034,-0.7931034482758621,0.1222141635355286
96,96,-0.5862068965517242,-0.7931034482758621,0.1903179265110429
97,97,-0.5172413793103449,-0.7931034482758621,0.2575168499846121
98,98,-0.4482758620689655,-0.7931034482758621,0.3234914462360731
99,99,-0.3793103448275862,-0.7931034482758621,0.3879280484348359
100,100,-0.3103448275862068,-0.7931034482758621,0.4505203019241985
101,101,-0.2413793103448276,-0.7931034482758621,0.5109706207409712
102,102,-0.1724137931034483,-0.7931034482758621,0.568991602445598
103,103,-0.1034482758620689,-0.7931034482758621,0.6243073945361602
104,104,-0.0344827586206897,-0.7931034482758621,0.6766550059498478
105,105,0.0344827586206897,-0.7931034482758621,0.7257855574165476
106,106,0.1034482758620689,-0.7931034482758621,0.7714654647199196
107,107,0.1724137931034481,-0.7931034482758621,0.8134775492403196
108,108,0.2413793103448276,-0.7931034482758621,0.8516220704996432
109,109,0.3103448275862068,-0.7931034482758621,0.8857176757990093
110,110,0.3793103448275863,-0.7931034482758621,0.9156022624343628
111,111,0.4482758620689655,-0.7931034482758621,0.9411337483907162
112,112,0.5172413793103448,-0.7931034482758621,0.9621907478508728
113,113,0.5862068965517242,-0.7931034482758621,0.9786731483070236
114,114,0.6551724137931034,-0.7931034482758621,0.9905025865314216
115,115,0.7241379310344827,-0.7931034482758621,0.9976228211431968
116,116,0.7931034482758621,-0.7931034482758621,1.0
117,117,0.8620689655172413,-0.7931034482758621,0.9976228211431968
118,118,0.9310344827586206,-0.7931034482758621,0.9905025865314216
119,119,1.0,-0.7931034482758621,0.9786731483070236
120,120,-1.0,-0.7241379310344828,-0.1527413736143975
121,121,-0.9310344827586208,-0.7241379310344828,-0.0842760058460225
122,122,-0.8620689655172413,-0.7241379310344828,-0.0154099597991815
123,123,-0.7931034482758621,-0.7241379310344828,0.0535293507088972
124,124,-0.7241379310344828,-0.7241379310344828,0.1222141635355286
125,125,-0.6551724137931034,-0.7241379310344828,0.1903179265110429
126,126,-0.5862068965517242,-0.7241379310344828,0.2575168499846121
127,127,-0.5172413793103449,-0.7241379310344828,0.3234914462360731
128,128,-0.4482758620689655,-0.7241379310344828,0.3879280484348359
129,129,-0.3793103448275862,-0.7241379310344828,0.4505203019241985
130,130,-0.3103448275862068,-0.7241379310344828,0.5109706207409714
131,131,-0.2413793103448276,-0.7241379310344828,0.568991602445598
132,132,-0.1724137931034483,-0.7241379310344828,0.6243073945361602
133,133,-0.1034482758620689,-0.7241379310344828,0.676655005949848
134,134,-0.0344827586206897,-0.7241379310344828,0.7257855574165475
135,135,0.0344827586206897,-0.7241379310344828,0.7714654647199197
136,136,0.1034482758620689,-0.7241379310344828,0.8134775492403196
137,137,0.1724137931034481,-0.7241379310344828,0.8516220704996431
138,138,0.2413793103448276,-0.7241379310344828,0.8857176757990094
139,139,0.3103448275862068,-0.7241379310344828,0.9156022624343628
140,140,0.3793103448275863,-0.7241379310344828,0.9411337483907162
141,141,0.4482758620689655,-0.7241379310344828,0.9621907478508728
142,142,0.5172413793103448,-0.7241379310344828,0.9786731483070236
143,143,0.5862068965517242,-0.7241379310344828,0.9905025865314216
144,144,0.6551724137931034,-0.7241379310344828,0.9976228211431968
145,145,0.7241379310344827,-0.7241379310344828,1.0
146,146,0.7931034482758621,-0.7241379310344828,0.9976228211431968
147,147,0.8620689655172413,-0.7241379310344828,0.9905025865314216
148,148,0.9310344827586206,-0.7241379310344828,0.9786731483070236
149,149,1.0,-0.7241379310344828,0.9621907478508728
150,150,-1.0,-0.6551724137931034,-0.0842760058460225
151,151,-0.9310344827586208,-0.6551724137931034,-0.0154099597991815
152,152,-0.8620689655172413,-0.6551724137931034,0.0535293507088972
153,153,-0.7931034482758621,-0.6551724137931034,0.1222141635355286
154,154,-0.7241379310344828,-0.6551724137931034,0.1903179265110429
155,155,-0.6551724137931034,-0.6551724137931034,0.2575168499846121
156,156,-0.5862068965517242,-0.6551724137931034,0.3234914462360731
157,157,-0.5172413793103449,-0.6551724137931034,0.3879280484348359
158,158,-0.4482758620689655,-0.6551724137931034,0.4505203019241985
159,159,-0.3793103448275862,-0.6551724137931034,0.5109706207409714
160,160,-0.3103448275862068,-0.6551724137931034,0.5689916024455981
161,161,-0.2413793103448276,-0.6551724137931034,0.6243073945361602
162,162,-0.1724137931034483,-0.6551724137931034,0.676655005949848
163,163,-0.1034482758620689,-0.6551724137931034,0.7257855574165476
164,164,-0.0344827586206897,-0.6551724137931034,0.7714654647199196
165,165,0.0344827586206897,-0.6551724137931034,0.8134775492403197
166,166,0.1034482758620689,-0.6551724137931034,0.8516220704996432
167,167,0.1724137931034481,-0.6551724137931034,0.8857176757990093
168,168,0.2413793103448276,-0.6551724137931034,0.9156022624343628
169,169,0.3103448275862068,-0.6551724137931034,0.9411337483907162
170,170,0.3793103448275863,-0.6551724137931034,0.9621907478508728
171,171,0.4482758620689655,-0.6551724137931034,0.9786731483070236
172,172,0.5172413793103448,-0.6551724137931034,0.9905025865314216
173,173,0.5862068965517242,-0.6551724137931034,0.9976228211431968
174,174,0.6551724137931034,-0.6551724137931034,1.0
175,175,0.7241379310344827,-0.6551724137931034,0.9976228211431968
176,176,0.7931034482758621,-0.6551724137931034,0.9905025865314216
177,177,0.8620689655172413,-0.6551724137931034,0.9786731483070236
178,178,0.9310344827586206,-0.6551724137931034,0.9621907478508728
179,179,1.0,-0.6551724137931034,0.9411337483907162
180,180,-1.0,-0.5862068965517242,-0.0154099597991815
181,181,-0.9310344827586208,-0.5862068965517242,0.0535293507088972
182,182,-0.8620689655172413,-0.5862068965517242,0.1222141635355286
183,183,-0.7931034482758621,-0.5862068965517242,0.1903179265110429
184,184,-0.7241379310344828,-0.5862068965517242,0.2575168499846121
185,185,-0.6551724137931034,-0.5862068965517242,0.3234914462360731
186,186,-0.5862068965517242,-0.5862068965517242,0.3879280484348359
187,187,-0.5172413793103449,-0.5862068965517242,0.4505203019241985
188,188,-0.4482758620689655,-0.5862068965517242,0.5109706207409712
189,189,-0.3793103448275862,-0.5862068965517242,0.568991602445598
190,190,-0.3103448275862068,-0.5862068965517242,0.6243073945361602
191,191,-0.2413793103448276,-0.5862068965517242,0.6766550059498478
192,192,-0.1724137931034483,-0.5862068965517242,0.7257855574165475
193,193,-0.1034482758620689,-0.5862068965517242,0.7714654647199196
194,194,-0.0344827586206897,-0.5862068965517242,0.8134775492403196
195,195,0.0344827586206897,-0.5862068965517242,0.8516220704996432
196,196,0.1034482758620689,-0.5862068965517242,0.8857176757990093
197,197,0.1724137931034481,-0.5862068965517242,0.9156022624343628
198,198,0.2413793103448276,-0.5862068965517242,0.9411337483907162
199,199,0.3103448275862068,-0.5862068965517242,0.9621907478508728
200,200,0.3793103448275863,-0.5862068965517242,0.9786731483070236
201,201,0.4482758620689655,-0.5862068965517242,0.9905025865314216
202,202,0.5172413793103448,-0.5862068965517242,0.9976228211431968
203,203,0.5862068965517242,-0.5862068965517242,1.0
204,204,0.6551724137931034,-0.5862068965517242,0.9976228211431968
205,205,0.7241379310344827,-0.5862068965517242,0.9905025865314216
206,206,0.7931034482758621,-0.5862068965517242,0.9786731483070236
207,207,0.8620689655172413,-0.5862068965517242,0.9621907478508728
208,208,0.9310344827586206,-0.5862068965517242,0.9411337483907162
209,209,1.0,-0.5862068965517242,0.9156022624343628
210,210,-1.0,-0.5172413793103449,0.0535293507088972
211,211,-0.9310344827586208,-0.5172413793103449,0.1222141635355286
212,212,-0.8620689655172413,-0.5172413793103449,0.1903179265110429
213,213,-0.7931034482758621,-0.5172413793103449,0.2575168499846121
214,214,-0.7241379310344828,-0.5172413793103449,0.3234914462360731
215,215,-0.6551724137931034,-0.5172413793103449,0.3879280484348359
216,216,-0.5862068965517242,-0.5172413793103449,0.4505203019241985
217,217,-0.5172413793103449,-0.5172413793103449,0.5109706207409712
218,218,-0.4482758620689655,-0.5172413793103449,0.568991602445598
219,219,-0.3793103448275862,-0.5172413793103449,0.6243073945361602
220,220,-0.3103448275862068,-0.5172413793103449,0.676655005949848
221,221,-0.2413793103448276,-0.5172413793103449,0.7257855574165475
222,222,-0.1724137931034483,-0.5172413793103449,0.7714654647199196
223,223,-0.1034482758620689,-0.5172413793103449,0.8134775492403196
224,224,-0.0344827586206897,-0.5172413793103449,0.8516220704996431
225,225,0.0344827586206897,-0.5172413793103449,0.8857176757990094
226,226,0.1034482758620689,-0.5172413793103449,0.9156022624343628
227,227,0.1724137931034481,-0.5172413793103449,0.941133748390716
228,228,0.2413793103448276,-0.5172413793103449,0.9621907478508728
229,229,0.3103448275862068,-0.5172413793103449,0.9786731483070236
230,230,0.3793103448275863,-0.5172413793103449,0.9905025865314216
231,231,0.4482758620689655,-0.5172413793103449,0.9976228211431968
232,232,0.5172413793103448,-0.5172413793103449,1.0
233,233,0.5862068965517242,-0.5172413793103449,0.9976228211431968
234,234,0.6551724137931034,-0.5172413793103449,0.9905025865314216
235,235,0.7241379310344827,-0.5172413793103449,0.9786731483070236
236,236,0.7931034482758621,-0.5172413793103449,0.9621907478508728
237,237,0.8620689655172413,-0.5172413793103449,0.9411337483907162
238,238,0.9310344827586206,-0.5172413793103449,0.9156022624343628
239,239,1.0,-0.5172413793103449,0.8857176757990094
240,240,-1.0,-0.4482758620689655,0.1222141635355286
241,241,-0.9310344827586208,-0.4482758620689655,0.1903179265110429
242,242,-0.8620689655172413,-0.4482758620689655,0.2575168499846121
243,243,-0.7931034482758621,-0.4482758620689655,0.3234914462360731
244,244,-0.7241379310344828,-0.4482758620689655,0.3879280484348359
245,245,-0.6551724137931034,-0.4482758620689655,0.4505203019241985
246,246,-0.5862068965517242,-0.4482758620689655,0.5109706207409712
247,247,-0.5172413793103449,-0.4482758620689655,0.568991602445598
248,248,-0.4482758620689655,-0.4482758620689655,0.6243073945361602
249,249,-0.3793103448275862,-0.4482758620689655,0.676655005949848
250,250,-0.3103448275862068,-0.4482758620689655,0.7257855574165476
251,251,-0.2413793103448276,-0.4482758620689655,0.7714654647199196
252,252,-0.1724137931034483,-0.4482758620689655,0.8134775492403196
253,253,-0.1034482758620689,-0.4482758620689655,0.8516220704996432
254,254,-0.0344827586206897,-0.4482758620689655,0.8857176757990093
255,255,0.0344827586206897,-0.4482758620689655,0.9156022624343628
256,256,0.1034482758620689,-0.4482758620689655,0.9411337483907162
257,257,0.1724137931034481,-0.4482758620689655,0.9621907478508728
258,258,0.2413793103448276,-0.4482758620689655,0.9786731483070236
259,259,0.3103448275862068,-0.4482758620689655,0.9905025865314216
260,260,0.3793103448275863,-0.4482758620689655,0.9976228211431968
261,261,0.4482758620689655,-0.4482758620689655,1.0
262,262,0.5172413793103448,-0.4482758620689655,0.9976228211431968
263,263,0.5862068965517242,-0.4482758620689655,0.9905025865314216
264,264,0.6551724137931034,-0.4482758620689655,0.9786731483070236
265,265,0.7241379310344827,-0.4482758620689655,0.9621907478508728
266,266,0.7931034482758621,-0.4482758620689655,0.9411337483907162
267,267,0.8620689655172413,-0.4482758620689655,0.9156022624343628
268,268,0.9310344827586206,-0.4482758620689655,0.8857176757990094
269,269,1.0,-0.4482758620689655,0.8516220704996432
270,270,-1.0,-0.3793103448275862,0.1903179265110429
271,271,-0.9310344827586208,-0.3793103448275862,0.2575168499846121
272,272,-0.8620689655172413,-0.3793103448275862,0.3234914462360733
273,273,-0.7931034482758621,-0.3793103448275862,0.3879280484348359
274,274,-0.7241379310344828,-0.3793103448275862,0.4505203019241985
275,275,-0.6551724137931034,-0.3793103448275862,0.5109706207409714
276,276,-0.5862068965517242,-0.3793103448275862,0.568991602445598
277,277,-0.5172413793103449,-0.3793103448275862,0.6243073945361602
278,278,-0.4482758620689655,-0.3793103448275862,0.676655005949848
279,279,-0.3793103448275862,-0.3793103448275862,0.7257855574165476
280,280,-0.3103448275862068,-0.3793103448275862,0.7714654647199197
281,281,-0.2413793103448276,-0.3793103448275862,0.8134775492403196
282,282,-0.1724137931034483,-0.3793103448275862,0.8516220704996432
283,283,-0.1034482758620689,-0.3793103448275862,0.8857176757990094
284,284,-0.0344827586206897,-0.3793103448275862,0.9156022624343628
285,285,0.0344827586206897,-0.3793103448275862,0.9411337483907162
286,286,0.1034482758620689,-0.3793103448275862,0.9621907478508728
287,287,0.1724137931034481,-0.3793103448275862,0.9786731483070236
288,288,0.2413793103448276,-0.3793103448275862,0.9905025865314216
289,289,0.3103448275862068,-0.3793103448275862,0.9976228211431968
290,290,0.3793103448275863,-0.3793103448275862,1.0
291,291,0.4482758620689655,-0.3793103448275862,0.9976228211431968
292,292,0.5172413793103448,-0.3793103448275862,0.9905025865314216
293,293,0.5862068965517242,-0.3793103448275862,0.9786731483070236
294,294,0.6551724137931034,-0.3793103448275862,0.9621907478508728
295,295,0.7241379310344827,-0.3793103448275862,0.9411337483907162
296,296,0.7931034482758621,-0.3793103448275862,0.9156022624343628
297,297,0.8620689655172413,-0.3793103448275862,0.8857176757990094
298,298,0.9310344827586206,-0.3793103448275862,0.8516220704996432
299,299,1.0,-0.3793103448275862,0.8134775492403196
300,300,-1.0,-0.3103448275862068,0.2575168499846121
301,301,-0.9310344827586208,-0.3103448275862068,0.3234914462360733
302,302,-0.8620689655172413,-0.3103448275862068,0.3879280484348361
303,303,-0.7931034482758621,-0.3103448275862068,0.4505203019241985
304,304,-0.7241379310344828,-0.3103448275862068,0.5109706207409714
305,305,-0.6551724137931034,-0.3103448275862068,0.5689916024455981
306,306,-0.5862068965517242,-0.3103448275862068,0.6243073945361602
307,307,-0.5172413793103449,-0.3103448275862068,0.676655005949848
308,308,-0.4482758620689655,-0.3103448275862068,0.7257855574165476
309,309,-0.3793103448275862,-0.3103448275862068,0.7714654647199197
310,310,-0.3103448275862068,-0.3103448275862068,0.8134775492403197
311,311,-0.2413793103448276,-0.3103448275862068,0.8516220704996432
312,312,-0.1724137931034483,-0.3103448275862068,0.8857176757990094
313,313,-0.1034482758620689,-0.3103448275862068,0.9156022624343628
314,314,-0.0344827586206897,-0.3103448275862068,0.9411337483907162
315,315,0.0344827586206897,-0.3103448275862068,0.9621907478508728
316,316,0.1034482758620689,-0.3103448275862068,0.9786731483070236
317,317,0.1724137931034481,-0.3103448275862068,0.9905025865314216
318,318,0.2413793103448276,-0.3103448275862068,0.9976228211431968
319,319,0.3103448275862068,-0.3103448275862068,1.0
320,320,0.3793103448275863,-0.3103448275862068,0.9976228211431968
321,321,0.4482758620689655,-0.3103448275862068,0.9905025865314216
322,322,0.5172413793103448,-0.3103448275862068,0.9786731483070236
323,323,0.5862068965517242,-0.3103448275862068,0.9621907478508728
324,324,0.6551724137931034,-0.3103448275862068,0.9411337483907162
325,325,0.7241379310344827,-0.3103448275862068,0.9156022624343628
326,326,0.7931034482758621,-0.3103448275862068,0.8857176757990093
327,327,0.8620689655172413,-0.3103448275862068,0.8516220704996432
328,328,0.9310344827586206,-0.3103448275862068,0.8134775492403197
329,329,1.0,-0.3103448275862068,0.7714654647199196
330,330,-1.0,-0.2413793103448276,0.3234914462360731
331,331,-0.9310344827586208,-0.2413793103448276,0.3879280484348359
332,332,-0.8620689655172413,-0.2413793103448276,0.4505203019241985
333,333,-0.7931034482758621,-0.2413793103448276,0.5109706207409712
334,334,-0.7241379310344828,-0.2413793103448276,0.568991602445598
335,335,-0.6551724137931034,-0.2413793103448276,0.6243073945361602
336,336,-0.5862068965517242,-0.2413793103448276,0.6766550059498478
337,337,-0.5172413793103449,-0.2413793103448276,0.7257855574165475
338,338,-0.4482758620689655,-0.2413793103448276,0.7714654647199196
339,339,-0.3793103448275862,-0.2413793103448276,0.8134775492403196
340,340,-0.3103448275862068,-0.2413793103448276,0.8516220704996432
341,341,-0.2413793103448276,-0.2413793103448276,0.8857176757990093
342,342,-0.1724137931034483,-0.2413793103448276,0.9156022624343628
343,343,-0.1034482758620689,-0.2413793103448276,0.9411337483907162
344,344,-0.0344827586206897,-0.2413793103448276,0.9621907478508728
345,345,0.0344827586206897,-0.2413793103448276,0.9786731483070236
346,346,0.1034482758620689,-0.2413793103448276,0.9905025865314216
347,347,0.1724137931034481,-0.2413793103448276,0.9976228211431968
348,348,0.2413793103448276,-0.2413793103448276,1.0
349,349,0.3103448275862068,-0.2413793103448276,0.9976228211431968
350,350,0.3793103448275863,-0.2413793103448276,0.9905025865314216
351,351,0.4482758620689655,-0.2413793103448276,0.9786731483070236
352,352,0.5172413793103448,-0.2413793103448276,0.9621907478508728
353,353,0.5862068965517242,-0.2413793103448276,0.9411337483907162
354,354,0.6551724137931034,-0.2413793103448276,0.9156022624343628
355,355,0.7241379310344827,-0.2413793103448276,0.8857176757990094
356,356,0.7931034482758621,-0.2413793103448276,0.8516220704996432
357,357,0.8620689655172413,-0.2413793103448276,0.8134775492403197
358,358,0.9310344827586206,-0.2413793103448276,0.7714654647199197
359,359,1.0,-0.2413793103448276,0.7257855574165476
360,360,-1.0,-0.1724137931034483,0.3879280484348359
361,361,-0.9310344827586208,-0.1724137931034483,0.4505203019241985
362,362,-0.8620689655172413,-0.1724137931034483,0.5109706207409714
363,363,-0.7931034482758621,-0.1724137931034483,0.568991602445598
364,364,-0.7241379310344828,-0.1724137931034483,0.6243073945361602
365,365,-0.6551724137931034,-0.1724137931034483,0.676655005949848
366,366,-0.5862068965517242,-0.1724137931034483,0.7257855574165475
367,367,-0.5172413793103449,-0.1724137931034483,0.7714654647199196
368,368,-0.4482758620689655,-0.1724137931034483,0.8134775492403196
369,369,-0.3793103448275862,-0.1724137931034483,0.8516220704996432
370,370,-0.3103448275862068,-0.1724137931034483,0.8857176757990094
371,371,-0.2413793103448276,-0.1724137931034483,0.9156022624343628
372,372,-0.1724137931034483,-0.1724137931034483,0.9411337483907162
373,373,-0.1034482758620689,-0.1724137931034483,0.9621907478508728
374,374,-0.0344827586206897,-0.1724137931034483,0.9786731483070236
375,375,0.0344827586206897,-0.1724137931034483,0.9905025865314216
376,376,0.1034482758620689,-0.1724137931034483,0.9976228211431968
377,377,0.1724137931034481,-0.1724137931034483,1.0
378,378,0.2413793103448276,-0.1724137931034483,0.9976228211431968
379,379,0.3103448275862068,-0.1724137931034483,0.9905025865314216
380,380,0.3793103448275863,-0.1724137931034483,0.9786731483070236
381,381,0.4482758620689655,-0.1724137931034483,0.9621907478508728
382,382,0.5172413793103448,-0.1724137931034483,0.9411337483907162
383,383,0.5862068965517242,-0.1724137931034483,0.9156022624343628
384,384,0.6551724137931034,-0.1724137931034483,0.8857176757990094
385,385,0.7241379310344827,-0.1724137931034483,0.8516220704996432
386,386,0.7931034482758621,-0.1724137931034483,0.8134775492403196
387,387,0.8620689655172413,-0.1724137931034483,0.7714654647199197
388,388,0.9310344827586206,-0.1724137931034483,0.7257855574165476
389,389,1.0,-0.1724137931034483,0.676655005949848
390,390,-1.0,-0.1034482758620689,0.4505203019241985
391,391,-0.9310344827586208,-0.1034482758620689,0.5109706207409714
392,392,-0.8620689655172413,-0.1034482758620689,0.5689916024455981
393,393,-0.7931034482758621,-0.1034482758620689,0.6243073945361602
394,394,-0.7241379310344828,-0.1034482758620689,0.676655005949848
395,395,-0.6551724137931034,-0.1034482758620689,0.7257855574165476
396,396,-0.5862068965517242,-0.1034482758620689,0.7714654647199196
397,397,-0.5172413793103449,-0.1034482758620689,0.8134775492403196
398,398,-0.4482758620689655,-0.1034482758620689,0.8516220704996432
399,399,-0.3793103448275862,-0.1034482758620689,0.8857176757990094
400,400,-0.3103448275862068,-0.1034482758620689,0.9156022624343628
401,401,-0.2413793103448276,-0.1034482758620689,0.9411337483907162
402,402,-0.1724137931034483,-0.1034482758620689,0.9621907478508728
403,403,-0.1034482758620689,-0.1034482758620689,0.9786731483070236
404,404,-0.0344827586206897,-0.1034482758620689,0.9905025865314216
405,405,0.0344827586206897,-0.1034482758620689,0.9976228211431968
406,406,0.1034482758620689,-0.1034482758620689,1.0
407,407,0.1724137931034481,-0.1034482758620689,0.9976228211431968
408,408,0.2413793103448276,-0.1034482758620689,0.9905025865314216
409,409,0.3103448275862068,-0.1034482758620689,0.9786731483070236
410,410,0.3793103448275863,-0.1034482758620689,0.9621907478508728
411,411,0.4482758620689655,-0.1034482758620689,0.9411337483907162
412,412,0.5172413793103448,-0.1034482758620689,0.9156022624343628
413,413,0.5862068965517242,-0.1034482758620689,0.8857176757990093
414,414,0.6551724137931034,-0.1034482758620689,0.8516220704996432
415,415,0.7241379310344827,-0.1034482758620689,0.8134775492403197
416,416,0.7931034482758621,-0.1034482758620689,0.7714654647199196
417,417,0.8620689655172413,-0.1034482758620689,0.7257855574165476
418,418,0.9310344827586206,-0.1034482758620689,0.676655005949848
419,419,1.0,-0.1034482758620689,0.6243073945361602
420,420,-1.0,-0.0344827586206897,0.5109706207409712
421,421,-0.9310344827586208,-0.0344827586206897,0.568991602445598
422,422,-0.8620689655172413,-0.0344827586206897,0.6243073945361602
423,423,-0.7931034482758621,-0.0344827586206897,0.6766550059498478
424,424,-0.7241379310344828,-0.0344827586206897,0.7257855574165475
425,425,-0.6551724137931034,-0.0344827586206897,0.7714654647199196
426,426,-0.5862068965517242,-0.0344827586206897,0.8134775492403196
427,427,-0.5172413793103449,-0.0344827586206897,0.8516220704996431
428,428,-0.4482758620689655,-0.0344827586206897,0.8857176757990093
429,429,-0.3793103448275862,-0.0344827586206897,0.9156022624343628
430,430,-0.3103448275862068,-0.0344827586206897,0.9411337483907162
431,431,-0.2413793103448276,-0.0344827586206897,0.9621907478508728
432,432,-0.1724137931034483,-0.0344827586206897,0.9786731483070236
433,433,-0.1034482758620689,-0.0344827586206897,0.9905025865314216
434,434,-0.0344827586206897,-0.0344827586206897,0.9976228211431968
435,435,0.0344827586206897,-0.0344827586206897,1.0
436,436,0.1034482758620689,-0.0344827586206897,0.9976228211431968
437,437,0.1724137931034481,-0.0344827586206897,0.9905025865314216
438,438,0.2413793103448276,-0.0344827586206897,0.9786731483070236
439,439,0.3103448275862068,-0.0344827586206897,0.9621907478508728
440,440,0.3793103448275863,-0.0344827586206897,0.9411337483907162
441,441,0.4482758620689655,-0.0344827586206897,0.9156022624343628
442,442,0.5172413793103448,-0.0344827586206897,0.8857176757990094
443,443,0.5862068965517242,-0.0344827586206897,0.8516220704996432
444,444,0.6551724137931034,-0.0344827586206897,0.8134775492403197
445,445,0.7241379310344827,-0.0344827586206897,0.7714654647199197
446,446,0.7931034482758621,-0.0344827586206897,0.7257855574165476
447,447,0.8620689655172413,-0.0344827586206897,0.676655005949848
448,448,0.9310344827586206,-0.0344827586206897,0.6243073945361604
449,449,1.0,-0.0344827586206897,0.5689916024455981
450,450,-1.0,0.0344827586206897,0.5689916024455981
451,451,-0.9310344827586208,0.0344827586206897,0.6243073945361604
452,452,-0.8620689655172413,0.0344827586206897,0.676655005949848
453,453,-0.7931034482758621,0.0344827586206897,0.7257855574165476
454,454,-0.7241379310344828,0.0344827586206897,0.7714654647199197
455,455,-0.6551724137931034,0.0344827586206897,0.8134775492403197
456,456,-0.5862068965517242,0.0344827586206897,0.8516220704996432
457,457,-0.5172413793103449,0.0344827586206897,0.8857176757990094
458,458,-0.4482758620689655,0.0344827586206897,0.9156022624343628
459,459,-0.3793103448275862,0.0344827586206897,0.9411337483907162
460,460,-0.3103448275862068,0.0344827586206897,0.9621907478508728
461,461,-0.2413793103448276,0.0344827586206897,0.9786731483070236
462,462,-0.1724137931034483,0.0344827586206897,0.9905025865314216
463,463,-0.1034482758620689,0.0344827586206897,0.9976228211431968
464,464,-0.0344827586206897,0.0344827586206897,1.0
480,480,-1.0,0.1034482758620689,0.6243073945361602
481,481,-0.9310344827586208,0.1034482758620689,0.676655005949848
482,482,-0.8620689655172413,0.1034482758620689,0.7257855574165476
483,483,-0.7931034482758621,0.1034482758620689,0.7714654647199196
484,484,-0.7241379310344828,0.1034482758620689,0.8134775492403196
485,485,-0.6551724137931034,0.1034482758620689,0.8516220704996432
486,486,-0.5862068965517242,0.1034482758620689,0.8857176757990093
487,487,-0.5172413793103449,0.1034482758620689,0.9156022624343628
488,488,-0.4482758620689655,0.1034482758620689,0.9411337483907162
489,489,-0.3793103448275862,0.1034482758620689,0.9621907478508728
490,490,-0.3103448275862068,0.1034482758620689,0.9786731483070236
491,491,-0.2413793103448276,0.1034482758620689,0.9905025865314216
492,492,-0.1724137931034483,0.1034482758620689,0.9976228211431968
493,493,-0.1034482758620689,0.1034482758620689,1.0
494,494,-0.0344827586206897,0.1034482758620689,0.9976228211431968
510,510,-1.0,0.1724137931034481,0.6766550059498478
511,511,-0.9310344827586208,0.1724137931034481,0.7257855574165475
512,512,-0.8620689655172413,0.1724137931034481,0.7714654647199196
513,513,-0.7931034482758621,0.1724137931034481,0.8134775492403196
514,514,-0.7241379310344828,0.1724137931034481,0.8516220704996431
515,515,-0.6551724137931034,0.1724137931034481,0.8857176757990093
516,516,-0.5862068965517242,0.1724137931034481,0.9156022624343628
517,517,-0.5172413793103449,0.1724137931034481,0.941133748390716
518,518,-0.4482758620689655,0.1724137931034481,0.9621907478508728
519,519,-0.3793103448275862,0.1724137931034481,0.9786731483070236
520,520,-0.3103448275862068,0.1724137931034481,0.9905025865314216
521,521,-0.2413793103448276,0.1724137931034481,0.9976228211431968
522,522,-0.1724137931034483,0.1724137931034481,1.0
523,523,-0.1034482758620689,0.1724137931034481,0.9976228211431968
524,524,-0.0344827586206897,0.1724137931034481,0.9905025865314216
540,540,-1.0,0.2413793103448276,0.7257855574165476
541,541,-0.9310344827586208,0.2413793103448276,0.7714654647199197
542,542,-0.8620689655172413,0.2413793103448276,0.8134775492403197
543,543,-0.7931034482758621,0.2413793103448276,0.8516220704996432
544,544,-0.7241379310344828,0.2413793103448276,0.8857176757990094
545,545,-0.6551724137931034,0.2413793103448276,0.9156022624343628
546,546,-0.5862068965517242,0.2413793103448276,0.9411337483907162
547,547,-0.5172413793103449,0.2413793103448276,0.9621907478508728
548,548,-0.4482758620689655,0.2413793103448276,0.9786731483070236
549,549,-0.3793103448275862,0.2413793103448276,0.9905025865314216
550,550,-0.3103448275862068,0.2413793103448276,0.9976228211431968
551,551,-0.2413793103448276,0.2413793103448276,1.0
552,552,-0.1724137931034483,0.2413793103448276,0.9976228211431968
553,553,-0.1034482758620689,0.2413793103448276,0.9905025865314216
554,554,-0.0344827586206897,0.2413793103448276,0.9786731483070236
570,570,-1.0,0.3103448275862068,0.7714654647199196
571,571,-0.9310344827586208,0.3103448275862068,0.8134775492403196
572,572,-0.8620689655172413,0.3103448275862068,0.8516220704996432
573,573,-0.7931034482758621,0.3103448275862068,0.8857176757990093
574,574,-0.7241379310344828,0.3103448275862068,0.9156022624343628
575,575,-0.6551724137931034,0.3103448275862068,0.9411337483907162
576,576,-0.5862068965517242,0.3103448275862068,0.9621907478508728
577,577,-0.5172413793103449,0.3103448275862068,0.9786731483070236
578,578,-0.4482758620689655,0.3103448275862068,0.9905025865314216
579,579,-0.3793103448275862,0.3103448275862068,0.9976228211431968
580,580,-0.3103448275862068,0.3103448275862068,1.0
581,581,-0.2413793103448276,0.3103448275862068,0.9976228211431968
582,582,-0.1724137931034483,0.3103448275862068,0.9905025865314216
583,583,-0.1034482758620689,0.3103448275862068,0.9786731483070236
584,584,-0.0344827586206897,0.3103448275862068,0.9621907478508728
600,600,-1.0,0.3793103448275863,0.8134775492403197
601,601,-0.9310344827586208,0.3793103448275863,0.8516220704996432
602,602,-0.8620689655172413,0.3793103448275863,0.8857176757990094
603,603,-0.7931034482758621,0.3793103448275863,0.9156022624343628
604,604,-0.7241379310344828,0.3793103448275863,0.9411337483907162
605,605,-0.6551724137931034,0.3793103448275863,0.9621907478508728
606,606,-0.5862068965517242,0.3793103448275863,0.9786731483070236
607,607,-0.5172413793103449,0.3793103448275863,0.9905025865314216
608,608,-0.4482758620689655,0.3793103448275863,0.9976228211431968
609,609,-0.3793103448275862,0.3793103448275863,1.0
610,610,-0.3103448275862068,0.3793103448275863,0.9976228211431968
611,611,-0.2413793103448276,0.3793103448275863,0.9905025865314216
612,612,-0.1724137931034483,0.3793103448275863,0.9786731483070236
613,613,-0.1034482758620689,0.3793103448275863,0.9621907478508728
614,614,-0.0344827586206897,0.3793103448275863,0.9411337483907162
630,630,-1.0,0.4482758620689655,0.8516220704996432
631,631,-0.9310344827586208,0.4482758620689655,0.8857176757990094
632,632,-0.8620689655172413,0.4482758620689655,0.9156022624343628
633,633,-0.7931034482758621,0.4482758620689655,0.9411337483907162
634,634,-0.7241379310344828,0.4482758620689655,0.9621907478508728
635,635,-0.6551724137931034,0.4482758620689655,0.9786731483070236
636,636,-0.5862068965517242,0.4482758620689655,0.9905025865314216
637,637,-0.5172413793103449,0.4482758620689655,0.9976228211431968
638,638,-0.4482758620689655,0.4482758620689655,1.0
639,639,-0.3793103448275862,0.4482758620689655,0.9976228211431968
640,640,-0.3103448275862068,0.4482758620689655,0.9905025865314216
641,641,-0.2413793103448276,0.4482758620689655,0.9786731483070236
642,642,-0.1724137931034483,0.4482758620689655,0.9621907478508728
643,643,-0.1034482758620689,0.4482758620689655,0.9411337483907162
644,644,-0.0344827586206897,0.4482758620689655,0.9156022624343628
660,660,-1.0,0.5172413793103448,0.8857176757990093
661,661,-0.9310344827586208,0.5172413793103448,0.9156022624343628
662,662,-0.8620689655172413,0.5172413793103448,0.9411337483907162
663,663,-0.7931034482758621,0.5172413793103448,0.9621907478508728
664,664,-0.7241379310344828,0.5172413793103448,0.9786731483070236
665,665,-0.6551724137931034,0.5172413793103448,0.9905025865314216
666,666,-0.5862068965517242,0.5172413793103448,0.9976228211431968
667,667,-0.5172413793103449,0.5172413793103448,1.0
668,668,-0.4482758620689655,0.5172413793103448,0.9976228211431968
669,669,-0.3793103448275862,0.5172413793103448,0.9905025865314216
670,670,-0.3103448275862068,0.5172413793103448,0.9786731483070236
671,671,-0.2413793103448276,0.5172413793103448,0.9621907478508728
672,672,-0.1724137931034483,0.5172413793103448,0.9411337483907162
673,673,-0.1034482758620689,0.5172413793103448,0.9156022624343628
674,674,-0.0344827586206897,0.5172413793103448,0.8857176757990094
690,690,-1.0,0.5862068965517242,0.9156022624343628
691,691,-0.9310344827586208,0.5862068965517242,0.9411337483907162
692,692,-0.8620689655172413,0.5862068965517242,0.9621907478508728
693,693,-0.7931034482758621,0.5862068965517242,0.9786731483070236
694,694,-0.7241379310344828,0.5862068965517242,0.9905025865314216
695,695,-0.6551724137931034,0.5862068965517242,0.9976228211431968
696,696,-0.5862068965517242,0.5862068965517242,1.0
697,697,-0.5172413793103449,0.5862068965517242,0.9976228211431968
698,698,-0.4482758620689655,0.5862068965517242,0.9905025865314216
699,699,-0.3793103448275862,0.5862068965517242,0.9786731483070236
700,700,-0.3103448275862068,0.5862068965517242,0.9621907478508728
701,701,-0.2413793103448276,0.5862068965517242,0.9411337483907162
702,702,-0.1724137931034483,0.5862068965517242,0.9156022624343628
703,703,-0.1034482758620689,0.5862068965517242,0.8857176757990093
704,704,-0.0344827586206897,0.5862068965517242,0.8516220704996432
720,720,-1.0,0.6551724137931034,0.9411337483907162
721,721,-0.9310344827586208,0.6551724137931034,0.9621907478508728
722,722,-0.8620689655172413,0.6551724137931034,0.9786731483070236
723,723,-0.7931034482758621,0.6551724137931034,0.9905025865314216
724,724,-0.7241379310344828,0.6551724137931034,0.9976228211431968
725,725,-0.6551724137931034,0.6551724137931034,1.0
726,726,-0.5862068965517242,0.6551724137931034,0.9976228211431968
727,727,-0.5172413793103449,0.6551724137931034,0.9905025865314216
728,728,-0.4482758620689655,0.6551724137931034,0.9786731483070236
729,729,-0.3793103448275862,0.6551724137931034,0.9621907478508728
730,730,-0.3103448275862068,0.6551724137931034,0.9411337483907162
731,731,-0.2413793103448276,0.6551724137931034,0.9156022624343628
732,732,-0.1724137931034483,0.6551724137931034,0.8857176757990094
733,733,-0.1034482758620689,0.6551724137931034,0.8516220704996432
734,734,-0.0344827586206897,0.6551724137931034,0.8134775492403197
750,750,-1.0,0.7241379310344827,0.9621907478508728
751,751,-0.9310344827586208,0.7241379310344827,0.9786731483070236
752,752,-0.8620689655172413,0.7241379310344827,0.9905025865314216
753,753,-0.7931034482758621,0.7241379310344827,0.9976228211431968
754,754,-0.7241379310344828,0.7241379310344827,1.0
755,755,-0.6551724137931034,0.7241379310344827,0.9976228211431968
756,756,-0.5862068965517242,0.7241379310344827,0.9905025865314216
757,757,-0.5172413793103449,0.7241379310344827,0.9786731483070236
758,758,-0.4482758620689655,0.7241379310344827,0.9621907478508728
759,759,-0.3793103448275862,0.7241379310344827,0.9411337483907162
760,760,-0.3103448275862068,0.7241379310344827,0.9156022624343628
761,761,-0.2413793103448276,0.7241379310344827,0.8857176757990094
762,762,-0.1724137931034483,0.7241379310344827,0.8516220704996432
763,763,-0.1034482758620689,0.7241379310344827,0.8134775492403197
764,764,-0.0344827586206897,0.7241379310344827,0.7714654647199197
780,780,-1.0,0.7931034482758621,0.9786731483070236
781,781,-0.9310344827586208,0.7931034482758621,0.9905025865314216
782,782,-0.8620689655172413,0.7931034482758621,0.9976228211431968
783,783,-0.7931034482758621,0.7931034482758621,1.0
784,784,-0.7241379310344828,0.7931034482758621,0.9976228211431968
785,785,-0.6551724137931034,0.7931034482758621,0.9905025865314216
786,786,-0.5862068965517242,0.7931034482758621,0.9786731483070236
787,787,-0.5172413793103449,0.7931034482758621,0.9621907478508728
788,788,-0.4482758620689655,0.7931034482758621,0.9411337483907162
789,789,-0.3793103448275862,0.7931034482758621,0.9156022624343628
790,790,-0.3103448275862068,0.7931034482758621,0.8857176757990093
791,791,-0.2413793103448276,0.7931034482758621,0.8516220704996432
792,792,-0.1724137931034483,0.7931034482758621,0.8134775492403196
793,793,-0.1034482758620689,0.7931034482758621,0.7714654647199196
794,794,-0.0344827586206897,0.7931034482758621,0.7257855574165476
810,810,-1.0,0.8620689655172413,0.9905025865314216
811,811,-0.9310344827586208,0.8620689655172413,0.9976228211431968
812,812,-0.8620689655172413,0.8620689655172413,1.0
813,813,-0.7931034482758621,0.8620689655172413,0.9976228211431968
814,814,-0.7241379310344828,0.8620689655172413,0.9905025865314216
815,815,-0.6551724137931034,0.8620689655172413,0.9786731483070236
816,816,-0.5862068965517242,0.8620689655172413,0.9621907478508728
817,817,-0.5172413793103449,0.8620689655172413,0.9411337483907162
818,818,-0.4482758620689655,0.8620689655172413,0.9156022624343628
819,819,-0.3793103448275862,0.8620689655172413,0.8857176757990094
820,820,-0.3103448275862068,0.8620689655172413,0.8516220704996432
821,821,-0.2413793103448276,0.8620689655172413,0.8134775492403197
822,822,-0.1724137931034483,0.8620689655172413,0.7714654647199197
823,823,-0.1034482758620689,0.8620689655172413,0.7257855574165476
824,824,-0.0344827586206897,0.8620689655172413,0.676655005949848
840,840,-1.0,0.9310344827586206,0.9976228211431968
841,841,-0.9310344827586208,0.9310344827586206,1.0
842,842,-0.8620689655172413,0.9310344827586206,0.9976228211431968
843,843,-0.7931034482758621,0.9310344827586206,0.9905025865314216
844,844,-0.7241379310344828,0.9310344827586206,0.9786731483070236
845,845,-0.6551724137931034,0.9310344827586206,0.9621907478508728
846,846,-0.5862068965517242,0.9310344827586206,0.9411337483907162
847,847,-0.5172413793103449,0.9310344827586206,0.9156022624343628
848,848,-0.4482758620689655,0.9310344827586206,0.8857176757990094
849,849,-0.3793103448275862,0.9310344827586206,0.8516220704996432
850,850,-0.3103448275862068,0.9310344827586206,0.8134775492403197
851,851,-0.2413793103448276,0.9310344827586206,0.7714654647199197
852,852,-0.1724137931034483,0.9310344827586206,0.7257855574165476
853,853,-0.1034482758620689,0.9310344827586206,0.676655005949848
854,854,-0.0344827586206897,0.9310344827586206,0.6243073945361604
870,870,-1.0,1.0,1.0
871,871,-0.9310344827586208,1.0,0.9976228211431968
872,872,-0.8620689655172413,1.0,0.9905025865314216
873,873,-0.7931034482758621,1.0,0.9786731483070236
874,874,-0.7241379310344828,1.0,0.9621907478508728
875,875,-0.6551724137931034,1.0,0.9411337483907162
876,876,-0.5862068965517242,1.0,0.9156022624343628
877,877,-0.5172413793103449,1.0,0.8857176757990094
878,878,-0.4482758620689655,1.0,0.8516220704996432
879,879,-0.3793103448275862,1.0,0.8134775492403196
880,880,-0.3103448275862068,1.0,0.7714654647199196
881,881,-0.2413793103448276,1.0,0.7257855574165476
882,882,-0.1724137931034483,1.0,0.676655005949848
883,883,-0.1034482758620689,1.0,0.6243073945361602
884,884,-0.0344827586206897,1.0,0.5689916024455981
